image,xmin,ymin,xmax,ymax,label
face_image_1.jpg,56,102,112,151,['Face']
face_image_1.jpg,379,97,428,156,['Face']
face_image_2.jpg,903,162,985,252,['Face']
face_image_3.jpg,216,12,279,80,['Face']
face_image_3.jpg,289,2,343,74,['Face']
face_image_4.jpg,297,79,357,134,['Face']
face_image_5.jpg,324,65,383,123,['Face']
face_image_5.jpg,224,61,284,132,['Face']
face_image_5.jpg,100,75,161,144,['Face']
face_image_5.jpg,415,65,490,135,['Face']
face_image_5.jpg,173,144,243,213,['Face']
face_image_5.jpg,369,138,427,199,['Face']
face_image_6.jpg,243,23,339,136,['Face']
face_image_6.jpg,187,262,271,397,['Face']
face_image_7.jpg,62,22,198,151,['Face']
face_image_7.jpg,193,12,296,145,['Face']
face_image_7.jpg,264,172,355,281,['Face']
face_image_7.jpg,327,76,434,207,['Face']
face_image_7.jpg,426,8,508,144,['Face']
face_image_8.jpg,375,122,452,208,['Face']
face_image_9.jpg,85,333,294,570,['Face']
face_image_9.jpg,347,725,538,871,['Face']
face_image_10.jpg,24,7,71,63,['Face']
face_image_10.jpg,113,26,171,105,['Face']
face_image_11.jpg,288,35,463,229,['Face']
face_image_12.jpg,30,157,132,287,['Face']
face_image_12.jpg,207,132,361,284,['Face']
face_image_12.jpg,366,180,463,293,['Face']
face_image_12.jpg,464,201,540,294,['Face']
face_image_12.jpg,533,222,611,305,['Face']
face_image_13.jpg,139,355,864,1304,['Face']
face_image_13.jpg,1002,754,1577,1659,['Face']
face_image_13.jpg,2653,399,3337,1390,['Face']
face_image_13.jpg,3382,994,3843,1683,['Face']
face_image_13.jpg,3892,607,4588,1443,['Face']
face_image_14.jpg,340,93,494,234,['Face']
face_image_14.jpg,494,225,648,413,['Face']
face_image_14.jpg,699,266,880,439,['Face']
face_image_14.jpg,895,68,1030,235,['Face']
face_image_15.jpg,1227,138,1390,357,['Face']
face_image_15.jpg,1037,241,1196,401,['Face']
face_image_16.jpg,197,31,298,146,['Face']
face_image_16.jpg,374,19,448,98,['Face']
face_image_16.jpg,508,42,593,138,['Face']
face_image_17.jpg,1103,568,1562,1048,['Face']
face_image_17.jpg,3331,704,3713,1157,['Face']
face_image_18.jpg,392,97,466,175,['Face']
face_image_19.jpg,256,22,325,113,['Face']
face_image_19.jpg,290,361,386,452,['Face']
face_image_20.jpg,217,55,377,249,['Face']
face_image_21.jpg,239,75,377,248,['Face']
face_image_22.jpg,52,65,179,147,['Face']
face_image_23.jpg,415,77,472,144,['Face']
face_image_23.jpg,58,56,136,118,['Face']
face_image_24.jpg,62,130,136,279,['Face']
face_image_24.jpg,116,183,207,302,['Face']
face_image_25.jpg,38,46,122,137,['Face']
face_image_25.jpg,130,131,162,184,['Face']
face_image_25.jpg,237,32,301,105,['Face']
face_image_25.jpg,525,59,580,139,['Face']
face_image_25.jpg,444,218,521,276,['Face']
face_image_25.jpg,391,88,418,122,['Face']
face_image_26.jpg,294,71,348,146,['Face']
face_image_27.jpg,134,46,273,226,['Face']
face_image_28.jpg,217,94,299,172,['Face']
face_image_28.jpg,350,452,443,557,['Face']
face_image_29.jpg,175,11,506,395,['Face']
face_image_30.jpg,429,21,548,144,['Face']
face_image_30.jpg,219,77,318,181,['Face']
face_image_30.jpg,73,97,164,206,['Face']
face_image_31.jpg,217,157,344,311,['Face']
face_image_31.jpg,349,197,437,320,['Face']
face_image_32.jpg,298,92,434,244,['Face']
face_image_33.jpg,105,368,190,471,['Face']
face_image_33.jpg,294,322,439,458,['Face']
face_image_33.jpg,193,188,308,324,['Face']
face_image_33.jpg,529,334,637,443,['Face']
face_image_34.jpg,50,364,171,517,['Face']
face_image_34.jpg,394,316,539,562,['Face']
face_image_34.jpg,553,346,689,552,['Face']
face_image_34.jpg,382,88,541,301,['Face']
face_image_34.jpg,526,106,640,286,['Face']
face_image_34.jpg,121,202,249,404,['Face']
face_image_34.jpg,245,271,324,392,['Face']
face_image_34.jpg,77,72,151,166,['Face']
face_image_34.jpg,170,74,290,158,['Face']
face_image_35.jpg,275,126,344,234,['Face']
face_image_35.jpg,368,5,451,105,['Face']
face_image_35.jpg,217,113,250,149,['Face']
face_image_36.jpg,115,77,204,186,['Face']
face_image_36.jpg,576,28,659,115,['Face']
face_image_36.jpg,215,374,353,473,['Face']
face_image_37.jpg,56,26,106,121,['Face']
face_image_37.jpg,124,24,219,145,['Face']
face_image_37.jpg,306,19,503,218,['Face']
face_image_37.jpg,486,352,608,505,['Face']
face_image_37.jpg,340,312,413,387,['Face']
face_image_37.jpg,47,309,124,380,['Face']
face_image_37.jpg,48,391,155,538,['Face']
face_image_38.jpg,990,160,1113,310,['Face']
face_image_39.jpg,307,405,481,615,['Face']
face_image_39.jpg,345,102,499,288,['Face']
face_image_40.jpg,1495,91,1608,340,['Face']
face_image_41.jpg,140,106,201,241,['Face']
face_image_41.jpg,363,157,435,262,['Face']
face_image_42.jpg,361,123,435,192,['Face']
face_image_43.jpg,255,101,307,158,['Face']
face_image_43.jpg,377,53,436,108,['Face']
face_image_43.jpg,152,224,202,275,['Face']
face_image_43.jpg,473,213,526,262,['Face']
face_image_44.jpg,89,13,218,143,['Face']
face_image_44.jpg,3,275,79,353,['Face']
face_image_44.jpg,114,318,184,388,['Face']
face_image_44.jpg,210,300,276,366,['Face']
face_image_44.jpg,332,252,406,346,['Face']
face_image_44.jpg,440,249,495,332,['Face']
face_image_45.jpg,183,269,266,384,['Face']
face_image_45.jpg,477,359,558,442,['Face']
face_image_46.jpg,148,71,218,135,['Face']
face_image_46.jpg,110,275,200,355,['Face']
face_image_47.jpg,302,283,350,344,['Face']
face_image_47.jpg,569,257,631,322,['Face']
face_image_48.jpg,261,66,410,288,['Face']
face_image_48.jpg,302,458,494,645,['Face']
face_image_48.jpg,47,440,221,666,['Face']
face_image_48.jpg,317,818,468,1010,['Face']
face_image_49.jpg,43,161,213,296,['Face']
face_image_49.jpg,265,218,366,296,['Face']
face_image_49.jpg,365,67,451,145,['Face']
face_image_49.jpg,464,212,571,311,['Face']
face_image_49.jpg,568,99,685,203,['Face']
face_image_50.jpg,76,138,268,347,['Face']
face_image_50.jpg,282,189,437,364,['Face']
face_image_50.jpg,446,152,637,396,['Face']
face_image_50.jpg,616,112,749,303,['Face']
face_image_51.jpg,686,265,787,475,['Face']
face_image_52.jpg,325,202,468,362,['Face']
face_image_52.jpg,197,415,336,544,['Face']
face_image_52.jpg,518,229,653,361,['Face']
face_image_52.jpg,685,191,826,345,['Face']
face_image_53.jpg,233,50,345,180,['Face']
face_image_53.jpg,900,29,1036,176,['Face']
face_image_54.jpg,520,566,713,702,['Face']
face_image_54.jpg,953,543,1120,685,['Face']
face_image_54.jpg,653,206,841,384,['Face']
face_image_54.jpg,1090,103,1249,258,['Face']
face_image_54.jpg,859,54,1041,240,['Face']
face_image_55.jpg,176,104,227,164,['Face']
face_image_55.jpg,408,153,447,197,['Face']
face_image_56.jpg,523,125,723,297,['Face']
face_image_57.jpg,252,74,339,162,['Face']
face_image_57.jpg,165,50,232,145,['Face']
face_image_58.jpg,220,309,295,397,['Face']
face_image_58.jpg,206,551,288,640,['Face']
face_image_59.jpg,130,99,188,166,['Face']
face_image_60.jpg,559,130,717,298,['Face']
face_image_60.jpg,348,116,537,320,['Face']
face_image_60.jpg,156,138,335,378,['Face']
face_image_61.jpg,215,37,271,92,['Face']
face_image_61.jpg,51,30,92,88,['Face']
face_image_62.jpg,165,6,236,100,['Face']
face_image_62.jpg,291,36,363,123,['Face']
face_image_63.jpg,111,240,218,332,['Face']
face_image_63.jpg,85,434,198,520,['Face']
face_image_64.jpg,151,34,237,131,['Face']
face_image_64.jpg,214,71,297,165,['Face']
face_image_64.jpg,370,75,467,201,['Face']
face_image_65.jpg,143,12,326,217,['Face']
face_image_66.jpg,75,38,304,227,['Face']
face_image_67.jpg,268,50,353,149,['Face']
face_image_68.jpg,1126,236,1589,747,['Face']
face_image_68.jpg,1736,472,2018,831,['Face']
face_image_69.jpg,270,25,397,194,['Face']
face_image_70.jpg,56,198,209,342,['Face']
face_image_70.jpg,289,208,352,266,['Face']
face_image_70.jpg,430,205,523,293,['Face']
face_image_70.jpg,450,16,571,121,['Face']
face_image_70.jpg,299,17,393,136,['Face']
face_image_70.jpg,30,0,183,179,['Face']
face_image_71.jpg,36,9,281,198,['Face']
face_image_71.jpg,313,10,464,118,['Face']
face_image_71.jpg,547,47,610,134,['Face']
face_image_72.jpg,32,33,112,123,['Face']
face_image_72.jpg,111,89,163,166,['Face']
face_image_72.jpg,159,33,210,113,['Face']
face_image_72.jpg,214,53,274,129,['Face']
face_image_72.jpg,254,107,317,185,['Face']
face_image_72.jpg,313,48,377,126,['Face']
face_image_73.jpg,59,98,139,186,['Face']
face_image_73.jpg,125,58,219,133,['Face']
face_image_73.jpg,208,23,285,127,['Face']
face_image_73.jpg,297,28,369,135,['Face']
face_image_74.jpg,316,311,517,600,['Face']
face_image_75.jpg,132,163,185,237,['Face']
face_image_75.jpg,201,177,254,229,['Face']
face_image_75.jpg,289,114,388,222,['Face']
face_image_75.jpg,434,134,530,230,['Face']
face_image_75.jpg,518,113,596,201,['Face']
face_image_75.jpg,634,19,760,146,['Face']
face_image_76.jpg,93,13,188,122,['Face']
face_image_77.jpg,236,94,308,182,['Face']
face_image_77.jpg,303,77,369,179,['Face']
face_image_78.jpg,420,0,550,124,['Face']
face_image_79.jpg,128,91,234,180,['Face']
face_image_79.jpg,323,94,405,188,['Face']
face_image_80.jpg,182,51,419,293,['Face']
face_image_81.jpg,310,146,468,299,['Face']
face_image_81.jpg,514,33,686,233,['Face']
face_image_82.jpg,586,270,665,345,['Face']
face_image_82.jpg,36,254,89,331,['Face']
face_image_83.jpg,235,10,299,82,['Face']
face_image_84.jpg,280,73,379,194,['Face']
face_image_84.jpg,454,181,542,280,['Face']
face_image_84.jpg,656,118,766,219,['Face']
face_image_84.jpg,314,311,412,396,['Face']
face_image_85.jpg,314,134,448,270,['Face']
face_image_86.jpg,337,101,544,277,['Face']
face_image_86.jpg,795,40,1005,253,['Face']
face_image_87.jpg,720,252,942,487,['Face']
face_image_87.jpg,940,293,1113,543,['Face']
face_image_88.jpg,1736,946,2272,1538,['Face']
face_image_88.jpg,2275,595,2870,1150,['Face']
face_image_88.jpg,1668,225,2177,721,['Face']
face_image_88.jpg,691,151,1193,786,['Face']
face_image_89.jpg,57,12,122,91,['Face']
face_image_90.jpg,63,44,369,428,['Face']
face_image_91.jpg,938,666,1740,1566,['Face']
face_image_92.jpg,838,133,993,302,['Face']
face_image_93.jpg,49,64,148,164,['Face']
face_image_94.jpg,163,67,247,162,['Face']
face_image_94.jpg,238,89,315,194,['Face']
face_image_94.jpg,368,74,452,189,['Face']
face_image_94.jpg,444,54,522,180,['Face']
face_image_95.jpg,1355,888,1567,1086,['Face']
face_image_96.jpg,141,207,330,426,['Face']
face_image_97.jpg,144,9,406,264,['Face']
face_image_98.jpg,331,63,555,285,['Face']
face_image_98.jpg,211,3,321,186,['Face']
face_image_99.jpg,99,68,299,291,['Face']
face_image_100.jpg,119,62,187,207,['Face']
face_image_100.jpg,243,48,381,219,['Face']
face_image_100.jpg,390,41,476,203,['Face']
face_image_101.jpg,337,133,410,205,['Face']
face_image_101.jpg,545,166,638,246,['Face']
face_image_101.jpg,793,215,894,333,['Face']
face_image_102.jpg,101,45,175,118,['Face']
face_image_102.jpg,289,104,357,181,['Face']
face_image_103.jpg,223,96,425,304,['Face']
face_image_104.jpg,7,12,127,144,['Face']
face_image_104.jpg,173,14,260,138,['Face']
face_image_104.jpg,332,14,457,183,['Face']
face_image_105.jpg,72,10,163,109,['Face']
face_image_105.jpg,308,87,419,219,['Face']
face_image_106.jpg,194,26,279,140,['Face']
face_image_107.jpg,193,56,363,248,['Face']
face_image_107.jpg,473,295,622,446,['Face']
face_image_107.jpg,605,23,795,237,['Face']
face_image_108.jpg,24,31,126,159,['Face']
face_image_108.jpg,164,220,299,315,['Face']
face_image_108.jpg,432,24,576,163,['Face']
face_image_109.jpg,205,54,288,131,['Face']
face_image_110.jpg,441,131,717,439,['Face']
face_image_111.jpg,204,48,304,170,['Face']
face_image_111.jpg,6,50,120,186,['Face']
face_image_111.jpg,150,53,210,147,['Face']
face_image_111.jpg,360,48,480,209,['Face']
face_image_112.jpg,157,113,609,639,['Face']
face_image_112.jpg,682,265,1026,688,['Face']
face_image_112.jpg,1019,108,1446,584,['Face']
face_image_112.jpg,1335,339,1723,778,['Face']
face_image_112.jpg,1838,344,2239,862,['Face']
face_image_113.jpg,83,22,249,181,['Face']
face_image_113.jpg,244,288,390,433,['Face']
face_image_114.jpg,357,365,476,483,['Face']
face_image_115.jpg,694,165,996,484,['Face']
face_image_116.jpg,439,45,648,342,['Face']
face_image_117.jpg,607,45,689,134,['Face']
face_image_117.jpg,130,471,228,608,['Face']
face_image_117.jpg,990,85,1071,168,['Face']
face_image_117.jpg,157,138,241,217,['Face']
face_image_117.jpg,43,64,131,134,['Face']
face_image_117.jpg,343,93,413,167,['Face']
face_image_117.jpg,932,436,1008,520,['Face']
face_image_117.jpg,435,158,516,225,['Face']
face_image_118.jpg,1919,447,2142,681,['Face']
face_image_118.jpg,1330,472,1487,656,['Face']
face_image_118.jpg,421,522,711,818,['Face']
face_image_118.jpg,583,946,784,1100,['Face']
face_image_119.jpg,382,14,575,189,['Face']
face_image_120.jpg,52,53,155,189,['Face']
face_image_120.jpg,166,9,267,166,['Face']
face_image_120.jpg,285,23,398,151,['Face']
face_image_120.jpg,400,77,474,195,['Face']
face_image_120.jpg,494,48,573,180,['Face']
face_image_121.jpg,218,2,467,274,['Face']
face_image_122.jpg,432,11,609,227,['Face']
face_image_123.jpg,182,15,242,103,['Face']
face_image_123.jpg,364,100,458,178,['Face']
face_image_124.jpg,306,64,357,129,['Face']
face_image_125.jpg,264,22,1289,1078,['Face']
face_image_126.jpg,343,608,488,763,['Face']
face_image_126.jpg,306,350,463,538,['Face']
face_image_126.jpg,626,338,721,444,['Face']
face_image_126.jpg,452,232,556,348,['Face']
face_image_126.jpg,678,171,781,300,['Face']
face_image_126.jpg,741,626,919,759,['Face']
face_image_127.jpg,908,126,1004,223,['Face']
face_image_127.jpg,189,201,262,271,['Face']
face_image_128.jpg,276,86,367,234,['Face']
face_image_128.jpg,449,167,563,284,['Face']
face_image_129.jpg,212,348,275,403,['Face']
face_image_129.jpg,431,351,477,400,['Face']
face_image_129.jpg,131,18,237,139,['Face']
face_image_129.jpg,441,101,556,221,['Face']
face_image_130.jpg,465,49,542,130,['Face']
face_image_131.jpg,1222,263,1726,744,['Face']
face_image_132.jpg,171,53,328,219,['Face']
face_image_132.jpg,23,71,84,130,['Face']
face_image_132.jpg,431,100,469,147,['Face']
face_image_132.jpg,400,97,435,149,['Face']
face_image_133.jpg,152,15,341,216,['Face']
face_image_134.jpg,73,38,235,235,['Face']
face_image_134.jpg,275,99,479,297,['Face']
face_image_135.jpg,198,18,500,346,['Face']
face_image_136.jpg,504,89,558,158,['Face']
face_image_136.jpg,727,149,779,198,['Face']
face_image_136.jpg,1000,167,1070,221,['Face']
face_image_136.jpg,132,225,188,277,['Face']
face_image_137.jpg,259,20,553,343,['Face']
face_image_138.jpg,49,112,119,194,['Face']
face_image_138.jpg,582,142,712,295,['Face']
face_image_138.jpg,201,55,274,122,['Face']
face_image_138.jpg,394,180,465,254,['Face']
face_image_139.jpg,200,56,233,88,['Face']
face_image_139.jpg,311,59,352,99,['Face']
face_image_140.jpg,148,18,259,152,['Face']
face_image_140.jpg,162,275,252,410,['Face']
face_image_141.jpg,24,128,117,223,['Face']
face_image_141.jpg,92,54,168,171,['Face']
face_image_141.jpg,197,54,259,166,['Face']
face_image_141.jpg,315,69,397,176,['Face']
face_image_141.jpg,411,23,486,110,['Face']
face_image_142.jpg,45,28,134,131,['Face']
face_image_142.jpg,183,11,281,145,['Face']
face_image_142.jpg,312,78,404,199,['Face']
face_image_142.jpg,407,51,495,162,['Face']
face_image_143.jpg,194,25,283,132,['Face']
face_image_143.jpg,67,215,137,292,['Face']
face_image_143.jpg,219,247,294,320,['Face']
face_image_143.jpg,207,423,291,518,['Face']
face_image_144.jpg,369,75,535,220,['Face']
face_image_145.jpg,1615,439,1953,826,['Face']
face_image_146.jpg,296,53,405,163,['Face']
face_image_147.jpg,143,135,235,247,['Face']
face_image_147.jpg,384,219,452,287,['Face']
face_image_147.jpg,493,81,572,193,['Face']
face_image_147.jpg,706,227,796,304,['Face']
face_image_147.jpg,671,371,736,432,['Face']
face_image_147.jpg,784,312,853,397,['Face']
face_image_148.jpg,55,25,97,78,['Face']
face_image_149.jpg,1473,68,2648,1772,['Face']
face_image_149.jpg,2635,1206,3580,2580,['Face']
face_image_149.jpg,3524,640,4512,2543,['Face']
face_image_150.jpg,372,51,426,106,['Face']
face_image_151.jpg,138,22,286,229,['Face']
face_image_152.jpg,340,146,535,394,['Face']
face_image_152.jpg,483,37,663,267,['Face']
face_image_153.jpg,238,114,386,251,['Face']
face_image_153.jpg,84,194,202,320,['Face']
face_image_154.jpg,255,161,423,387,['Face']
face_image_154.jpg,629,314,767,480,['Face']
face_image_154.jpg,923,176,1077,374,['Face']
face_image_155.jpg,67,49,100,98,['Face']
face_image_155.jpg,30,107,65,141,['Face']
face_image_155.jpg,122,25,155,64,['Face']
face_image_155.jpg,166,88,200,123,['Face']
face_image_155.jpg,344,70,376,114,['Face']
face_image_156.jpg,921,281,1333,654,['Face']
face_image_156.jpg,1386,273,1814,660,['Face']
face_image_156.jpg,483,0,775,354,['Face']
face_image_157.jpg,394,187,552,367,['Face']
face_image_157.jpg,522,109,606,203,['Face']
face_image_157.jpg,83,228,157,344,['Face']
face_image_157.jpg,274,177,360,274,['Face']
face_image_157.jpg,356,155,413,233,['Face']
face_image_157.jpg,710,81,771,135,['Face']
face_image_157.jpg,25,181,73,234,['Face']
face_image_157.jpg,90,163,142,222,['Face']
face_image_158.jpg,593,231,768,432,['Face']
face_image_159.jpg,222,18,321,121,['Face']
face_image_159.jpg,363,118,442,225,['Face']
face_image_159.jpg,469,116,637,269,['Face']
face_image_160.jpg,1656,631,2136,1246,['Face']
face_image_160.jpg,1363,1356,1782,1934,['Face']
face_image_160.jpg,2560,1254,2967,1861,['Face']
face_image_160.jpg,2962,460,3365,1116,['Face']
face_image_160.jpg,3626,912,3927,1421,['Face']
face_image_161.jpg,295,140,442,305,['Face']
face_image_162.jpg,443,82,550,202,['Face']
face_image_162.jpg,830,276,906,367,['Face']
face_image_163.jpg,246,40,512,396,['Face']
face_image_163.jpg,590,286,797,499,['Face']
face_image_163.jpg,854,510,1009,715,['Face']
face_image_164.jpg,287,222,605,583,['Face']
face_image_164.jpg,591,413,864,684,['Face']
face_image_165.jpg,105,147,196,229,['Face']
face_image_165.jpg,380,197,493,309,['Face']
face_image_165.jpg,229,511,458,725,['Face']
face_image_165.jpg,331,860,472,1056,['Face']
face_image_166.jpg,388,26,654,386,['Face']
face_image_167.jpg,70,50,128,127,['Face']
face_image_167.jpg,118,138,184,194,['Face']
face_image_167.jpg,179,82,242,155,['Face']
face_image_167.jpg,325,89,366,137,['Face']
face_image_167.jpg,373,58,415,110,['Face']
face_image_167.jpg,356,153,403,194,['Face']
face_image_167.jpg,472,110,507,148,['Face']
face_image_167.jpg,472,17,509,57,['Face']
face_image_167.jpg,614,9,659,74,['Face']
face_image_167.jpg,676,150,729,209,['Face']
face_image_167.jpg,692,2,755,59,['Face']
face_image_168.jpg,99,256,296,486,['Face']
face_image_168.jpg,307,155,407,306,['Face']
face_image_168.jpg,532,149,645,292,['Face']
face_image_168.jpg,795,32,900,204,['Face']
face_image_168.jpg,938,20,1039,177,['Face']
face_image_168.jpg,1059,83,1127,175,['Face']
face_image_168.jpg,1289,66,1392,189,['Face']
face_image_168.jpg,1541,191,1648,302,['Face']
face_image_168.jpg,1745,419,1888,621,['Face']
face_image_169.jpg,276,89,837,514,['Face']
face_image_170.jpg,154,60,214,151,['Face']
face_image_170.jpg,447,112,518,202,['Face']
face_image_171.jpg,107,57,403,339,['Face']
face_image_171.jpg,719,37,935,297,['Face']
face_image_172.jpg,266,34,487,266,['Face']
face_image_173.jpg,134,408,913,1672,['Face']
face_image_173.jpg,804,1357,1692,2275,['Face']
face_image_173.jpg,1728,552,2496,1744,['Face']
face_image_173.jpg,2486,986,3187,2002,['Face']
face_image_173.jpg,3017,470,3827,1569,['Face']
face_image_173.jpg,4043,413,4750,1574,['Face']
face_image_174.jpg,796,650,1008,891,['Face']
face_image_174.jpg,1143,511,1395,698,['Face']
face_image_174.jpg,1548,997,1756,1209,['Face']
face_image_174.jpg,1899,1056,2132,1242,['Face']
face_image_174.jpg,2348,829,2574,1030,['Face']
face_image_175.jpg,217,27,347,172,['Face']
face_image_175.jpg,427,14,548,142,['Face']
face_image_176.jpg,240,366,552,721,['Face']
face_image_176.jpg,662,379,952,723,['Face']
face_image_177.jpg,181,53,255,142,['Face']
face_image_177.jpg,211,308,280,388,['Face']
face_image_177.jpg,378,572,452,657,['Face']
face_image_178.jpg,100,14,129,52,['Face']
face_image_178.jpg,83,114,125,170,['Face']
face_image_178.jpg,155,122,184,149,['Face']
face_image_178.jpg,97,201,147,258,['Face']
face_image_178.jpg,165,225,209,267,['Face']
face_image_178.jpg,103,308,147,354,['Face']
face_image_179.jpg,200,10,320,122,['Face']
face_image_180.jpg,52,6,120,120,['Face']
face_image_180.jpg,263,11,321,103,['Face']
face_image_180.jpg,491,30,600,167,['Face']
face_image_181.jpg,258,0,305,102,['Face']
face_image_181.jpg,310,68,342,154,['Face']
face_image_182.jpg,543,180,646,291,['Face']
face_image_183.jpg,172,25,290,152,['Face']
face_image_183.jpg,383,54,490,173,['Face']
face_image_184.jpg,737,239,836,345,['Face']
face_image_184.jpg,586,317,670,434,['Face']
face_image_184.jpg,248,434,359,532,['Face']
face_image_184.jpg,1021,438,1134,534,['Face']
face_image_184.jpg,95,60,207,173,['Face']
face_image_184.jpg,278,81,391,183,['Face']
face_image_184.jpg,437,97,559,213,['Face']
face_image_184.jpg,797,106,884,222,['Face']
face_image_184.jpg,900,129,1015,243,['Face']
face_image_185.jpg,267,96,344,191,['Face']
face_image_185.jpg,346,449,438,581,['Face']
face_image_185.jpg,291,773,391,894,['Face']
face_image_186.jpg,11,81,86,216,['Face']
face_image_186.jpg,138,108,182,166,['Face']
face_image_186.jpg,306,70,371,170,['Face']
face_image_186.jpg,399,62,479,167,['Face']
face_image_187.jpg,97,15,195,130,['Face']
face_image_187.jpg,222,21,287,103,['Face']
face_image_187.jpg,203,253,276,334,['Face']
face_image_187.jpg,92,245,178,355,['Face']
face_image_187.jpg,103,515,189,630,['Face']
face_image_187.jpg,201,519,259,605,['Face']
face_image_188.jpg,130,69,227,218,['Face']
face_image_188.jpg,235,173,321,274,['Face']
face_image_188.jpg,359,229,450,333,['Face']
face_image_188.jpg,450,143,516,275,['Face']
face_image_188.jpg,616,58,735,198,['Face']
face_image_188.jpg,785,53,889,204,['Face']
face_image_188.jpg,925,186,992,283,['Face']
face_image_189.jpg,722,10,1253,475,['Face']
face_image_189.jpg,354,552,778,878,['Face']
face_image_189.jpg,1937,125,2607,624,['Face']
face_image_190.jpg,192,2,377,275,['Face']
face_image_190.jpg,391,7,589,287,['Face']
face_image_191.jpg,91,61,189,214,['Face']
face_image_191.jpg,215,94,298,227,['Face']
face_image_191.jpg,334,124,448,232,['Face']
face_image_191.jpg,482,48,600,212,['Face']
face_image_192.jpg,158,273,251,370,['Face']
face_image_192.jpg,652,354,741,436,['Face']
face_image_192.jpg,1119,61,1217,170,['Face']
face_image_193.jpg,129,249,417,594,['Face']
face_image_193.jpg,429,17,595,250,['Face']
face_image_193.jpg,618,54,824,277,['Face']
face_image_193.jpg,729,291,1008,653,['Face']
face_image_194.jpg,61,107,166,217,['Face']
face_image_194.jpg,156,7,260,156,['Face']
face_image_194.jpg,243,73,310,183,['Face']
face_image_194.jpg,315,43,413,174,['Face']
face_image_195.jpg,67,91,163,240,['Face']
face_image_195.jpg,202,102,329,244,['Face']
face_image_195.jpg,317,19,525,269,['Face']
face_image_196.jpg,573,753,1140,1427,['Face']
face_image_196.jpg,1612,663,2117,1292,['Face']
face_image_196.jpg,2224,983,2679,1461,['Face']
face_image_196.jpg,3785,1158,4386,1742,['Face']
face_image_196.jpg,3072,1321,3527,1770,['Face']
face_image_196.jpg,4353,1388,4920,1939,['Face']
face_image_197.jpg,109,112,291,286,['Face']
face_image_197.jpg,311,192,432,309,['Face']
face_image_197.jpg,499,203,641,327,['Face']
face_image_197.jpg,892,116,1058,313,['Face']
face_image_198.jpg,139,18,235,106,['Face']
face_image_198.jpg,145,128,230,266,['Face']
face_image_198.jpg,292,109,396,227,['Face']
face_image_198.jpg,429,144,535,262,['Face']
face_image_199.jpg,726,392,1118,1013,['Face']
face_image_199.jpg,1193,547,1468,945,['Face']
face_image_199.jpg,1461,376,1755,814,['Face']
face_image_199.jpg,1786,509,2276,1122,['Face']
face_image_200.jpg,255,130,346,234,['Face']
face_image_200.jpg,420,105,535,227,['Face']
face_image_200.jpg,617,293,702,373,['Face']
face_image_200.jpg,759,232,846,322,['Face']
face_image_201.jpg,64,31,207,204,['Face']
face_image_201.jpg,351,21,469,188,['Face']
face_image_202.jpg,149,70,207,129,['Face']
face_image_203.jpg,533,131,617,237,['Face']
face_image_204.jpg,106,248,202,355,['Face']
face_image_204.jpg,265,261,350,360,['Face']
face_image_204.jpg,531,258,613,384,['Face']
face_image_204.jpg,748,256,817,364,['Face']
face_image_205.jpg,140,117,207,172,['Face']
face_image_205.jpg,230,96,314,179,['Face']
face_image_205.jpg,318,114,390,185,['Face']
face_image_205.jpg,433,139,503,199,['Face']
face_image_206.jpg,146,32,326,222,['Face']
face_image_207.jpg,147,34,190,73,['Face']
face_image_208.jpg,16,82,201,237,['Face']
face_image_209.jpg,448,232,693,514,['Face']
face_image_209.jpg,711,269,905,476,['Face']
face_image_209.jpg,594,600,770,840,['Face']
face_image_209.jpg,876,699,1148,979,['Face']
face_image_210.jpg,287,127,328,161,['Face']
face_image_210.jpg,105,21,142,57,['Face']
face_image_210.jpg,226,98,264,130,['Face']
face_image_210.jpg,414,130,453,166,['Face']
face_image_211.jpg,109,7,149,49,['Face']
face_image_211.jpg,31,51,72,85,['Face']
face_image_212.jpg,47,59,208,187,['Face']
face_image_212.jpg,352,26,458,158,['Face']
face_image_212.jpg,66,346,157,454,['Face']
face_image_212.jpg,366,318,475,449,['Face']
face_image_213.jpg,320,20,470,214,['Face']
face_image_213.jpg,86,284,198,405,['Face']
face_image_213.jpg,304,352,406,460,['Face']
face_image_213.jpg,130,563,228,696,['Face']
face_image_213.jpg,295,627,406,728,['Face']
face_image_214.jpg,172,84,266,176,['Face']
face_image_214.jpg,72,124,140,196,['Face']
face_image_214.jpg,296,123,360,202,['Face']
face_image_214.jpg,502,283,550,331,['Face']
face_image_214.jpg,513,145,556,186,['Face']
face_image_215.jpg,550,65,607,136,['Face']
face_image_215.jpg,229,326,277,406,['Face']
face_image_216.jpg,152,49,289,182,['Face']
face_image_216.jpg,124,511,222,632,['Face']
face_image_217.jpg,166,42,312,228,['Face']
face_image_217.jpg,203,306,370,506,['Face']
face_image_218.jpg,59,88,150,201,['Face']
face_image_218.jpg,139,59,221,161,['Face']
face_image_218.jpg,426,55,511,213,['Face']
face_image_218.jpg,303,348,424,494,['Face']
face_image_219.jpg,63,17,195,170,['Face']
face_image_220.jpg,922,174,1228,472,['Face']
face_image_220.jpg,554,226,767,428,['Face']
face_image_221.jpg,117,147,164,195,['Face']
face_image_221.jpg,261,164,302,204,['Face']
face_image_222.jpg,32,98,202,276,['Face']
face_image_223.jpg,326,116,446,277,['Face']
face_image_223.jpg,841,87,955,285,['Face']
face_image_224.jpg,149,21,228,140,['Face']
face_image_224.jpg,287,59,376,156,['Face']
face_image_225.jpg,544,312,719,594,['Face']
face_image_225.jpg,1034,310,1151,594,['Face']
face_image_226.jpg,251,53,337,152,['Face']
face_image_227.jpg,725,1776,1265,2217,['Face']
face_image_227.jpg,1746,1283,2384,1892,['Face']
face_image_227.jpg,2535,894,2936,1405,['Face']
face_image_227.jpg,3110,1138,3469,1643,['Face']
face_image_227.jpg,3968,1103,4334,1492,['Face']
face_image_227.jpg,4589,1724,5013,2235,['Face']
face_image_228.jpg,53,33,172,166,['Face']
face_image_228.jpg,180,20,272,139,['Face']
face_image_228.jpg,417,33,562,182,['Face']
face_image_228.jpg,676,50,761,156,['Face']
face_image_228.jpg,905,29,999,166,['Face']
face_image_229.jpg,91,90,283,364,['Face']
face_image_229.jpg,298,65,483,289,['Face']
face_image_229.jpg,503,135,633,311,['Face']
face_image_229.jpg,654,162,819,358,['Face']
face_image_230.jpg,114,28,180,109,['Face']
face_image_230.jpg,220,125,265,174,['Face']
face_image_230.jpg,335,8,390,63,['Face']
face_image_230.jpg,415,88,455,151,['Face']
face_image_230.jpg,506,17,548,74,['Face']
face_image_231.jpg,255,55,361,207,['Face']
face_image_231.jpg,353,170,424,239,['Face']
face_image_231.jpg,319,212,351,243,['Face']
face_image_232.jpg,541,94,611,181,['Face']
face_image_232.jpg,726,127,805,232,['Face']
face_image_232.jpg,667,96,728,157,['Face']
face_image_232.jpg,448,43,512,112,['Face']
face_image_232.jpg,273,33,360,122,['Face']
face_image_232.jpg,161,101,240,171,['Face']
face_image_232.jpg,106,127,173,191,['Face']
face_image_233.jpg,70,97,163,187,['Face']
face_image_233.jpg,311,8,404,93,['Face']
face_image_234.jpg,837,112,1124,357,['Face']
face_image_234.jpg,611,392,775,557,['Face']
face_image_235.jpg,64,53,173,216,['Face']
face_image_235.jpg,190,62,288,248,['Face']
face_image_235.jpg,301,102,430,266,['Face']
face_image_235.jpg,403,82,546,249,['Face']
face_image_236.jpg,95,121,172,237,['Face']
face_image_236.jpg,280,126,329,174,['Face']
face_image_236.jpg,390,126,443,181,['Face']
face_image_237.jpg,325,107,392,185,['Face']
face_image_237.jpg,142,128,199,195,['Face']
face_image_238.jpg,192,64,353,246,['Face']
face_image_239.jpg,235,100,279,148,['Face']
face_image_239.jpg,138,124,197,188,['Face']
face_image_240.jpg,124,90,263,238,['Face']
face_image_241.jpg,131,70,189,126,['Face']
face_image_241.jpg,17,69,77,140,['Face']
face_image_241.jpg,379,79,439,137,['Face']
face_image_242.jpg,174,55,385,285,['Face']
face_image_243.jpg,313,414,475,588,['Face']
face_image_243.jpg,542,121,769,332,['Face']
face_image_244.jpg,350,60,435,183,['Face']
face_image_245.jpg,383,129,499,245,['Face']
face_image_245.jpg,167,40,281,205,['Face']
face_image_245.jpg,293,84,333,125,['Face']
face_image_245.jpg,377,12,417,58,['Face']
face_image_245.jpg,550,31,596,81,['Face']
face_image_246.jpg,552,109,787,395,['Face']
face_image_246.jpg,369,13,547,426,['Face']
face_image_247.jpg,35,24,338,336,['Face']
face_image_247.jpg,290,2,490,308,['Face']
face_image_248.jpg,183,65,353,268,['Face']
face_image_249.jpg,205,257,470,481,['Face']
face_image_249.jpg,46,438,308,671,['Face']
face_image_250.jpg,432,101,539,324,['Face']
face_image_251.jpg,80,63,315,306,['Face']
face_image_252.jpg,619,83,730,189,['Face']
face_image_252.jpg,518,273,626,374,['Face']
face_image_252.jpg,268,256,383,359,['Face']
face_image_252.jpg,386,217,492,323,['Face']
face_image_253.jpg,52,97,140,191,['Face']
face_image_253.jpg,212,165,281,233,['Face']
face_image_254.jpg,35,11,196,178,['Face']
face_image_254.jpg,401,92,516,244,['Face']
face_image_254.jpg,712,54,880,270,['Face']
face_image_254.jpg,624,88,683,197,['Face']
face_image_254.jpg,547,98,587,161,['Face']
face_image_254.jpg,8,12,34,95,['Face']
face_image_255.jpg,424,70,627,286,['Face']
face_image_255.jpg,642,93,826,278,['Face']
face_image_256.jpg,300,34,571,396,['Face']
face_image_256.jpg,1131,57,1358,339,['Face']
face_image_257.jpg,443,107,566,266,['Face']
face_image_257.jpg,739,9,926,173,['Face']
face_image_258.jpg,96,86,208,201,['Face']
face_image_258.jpg,235,61,332,178,['Face']
face_image_258.jpg,351,70,416,163,['Face']
face_image_258.jpg,428,145,516,236,['Face']
face_image_258.jpg,518,116,593,232,['Face']
face_image_258.jpg,643,108,722,216,['Face']
face_image_259.jpg,252,97,408,300,['Face']
face_image_260.jpg,89,11,320,259,['Face']
face_image_261.jpg,266,44,379,192,['Face']
face_image_262.jpg,175,58,235,127,['Face']
face_image_262.jpg,300,30,350,95,['Face']
face_image_262.jpg,382,64,461,133,['Face']
face_image_262.jpg,485,62,552,130,['Face']
face_image_263.jpg,36,11,106,109,['Face']
face_image_263.jpg,155,42,222,138,['Face']
face_image_264.jpg,364,79,426,149,['Face']
face_image_264.jpg,469,95,515,212,['Face']
face_image_264.jpg,181,72,254,190,['Face']
face_image_265.jpg,123,4,244,131,['Face']
face_image_266.jpg,551,80,654,185,['Face']
face_image_267.jpg,106,624,354,883,['Face']
face_image_267.jpg,508,286,756,553,['Face']
face_image_267.jpg,1016,82,1256,386,['Face']
face_image_267.jpg,1256,193,1433,407,['Face']
face_image_267.jpg,1603,11,1883,373,['Face']
face_image_267.jpg,1888,63,2153,410,['Face']
face_image_268.jpg,70,83,138,160,['Face']
face_image_268.jpg,310,71,352,121,['Face']
face_image_269.jpg,343,107,382,161,['Face']
face_image_270.jpg,517,89,608,200,['Face']
face_image_270.jpg,200,109,277,195,['Face']
face_image_271.jpg,35,12,142,185,['Face']
face_image_271.jpg,165,44,251,155,['Face']
face_image_271.jpg,266,43,390,190,['Face']
face_image_272.jpg,83,26,163,131,['Face']
face_image_272.jpg,179,24,243,128,['Face']
face_image_273.jpg,514,26,643,202,['Face']
face_image_273.jpg,241,26,385,176,['Face']
face_image_273.jpg,100,53,189,129,['Face']
face_image_273.jpg,9,32,73,116,['Face']
face_image_274.jpg,35,185,148,288,['Face']
face_image_274.jpg,267,66,344,179,['Face']
face_image_274.jpg,599,76,792,324,['Face']
face_image_274.jpg,1138,60,1224,188,['Face']
face_image_274.jpg,1291,285,1353,354,['Face']
face_image_274.jpg,1455,173,1495,272,['Face']
face_image_275.jpg,84,162,145,227,['Face']
face_image_275.jpg,184,41,243,116,['Face']
face_image_275.jpg,237,151,297,218,['Face']
face_image_275.jpg,392,129,456,196,['Face']
face_image_275.jpg,501,138,554,205,['Face']
face_image_275.jpg,569,127,636,194,['Face']
face_image_275.jpg,517,46,578,105,['Face']
face_image_276.jpg,410,92,524,222,['Face']
face_image_277.jpg,342,466,435,562,['Face']
face_image_277.jpg,570,337,676,425,['Face']
face_image_277.jpg,119,202,196,280,['Face']
face_image_277.jpg,628,206,690,281,['Face']
face_image_278.jpg,460,188,734,514,['Face']
face_image_279.jpg,407,15,872,561,['Face']
face_image_280.jpg,271,118,739,595,['Face']
face_image_281.jpg,293,103,463,294,['Face']
face_image_282.jpg,389,107,620,424,['Face']
face_image_283.jpg,341,62,566,292,['Face']
face_image_283.jpg,652,128,787,311,['Face']
face_image_283.jpg,819,169,1053,400,['Face']
face_image_284.jpg,261,165,379,252,['Face']
face_image_284.jpg,391,184,537,322,['Face']
face_image_284.jpg,672,102,815,252,['Face']
face_image_285.jpg,170,134,323,281,['Face']
face_image_285.jpg,516,169,691,329,['Face']
face_image_285.jpg,712,98,994,305,['Face']
face_image_286.jpg,847,300,966,482,['Face']
face_image_286.jpg,385,345,488,557,['Face']
face_image_287.jpg,566,330,720,495,['Face']
face_image_288.jpg,369,322,602,512,['Face']
face_image_288.jpg,695,92,921,382,['Face']
face_image_289.jpg,850,222,926,294,['Face']
face_image_289.jpg,594,187,657,270,['Face']
face_image_290.jpg,111,75,270,250,['Face']
face_image_290.jpg,393,169,637,448,['Face']
face_image_290.jpg,661,208,850,443,['Face']
face_image_290.jpg,871,90,1006,288,['Face']
face_image_290.jpg,1101,184,1259,376,['Face']
face_image_291.jpg,495,144,612,304,['Face']
face_image_291.jpg,603,470,735,597,['Face']
face_image_292.jpg,141,175,378,474,['Face']
face_image_292.jpg,377,53,621,368,['Face']
face_image_292.jpg,596,212,785,474,['Face']
face_image_292.jpg,774,161,879,351,['Face']
face_image_292.jpg,927,347,1154,561,['Face']
face_image_293.jpg,219,77,389,335,['Face']
face_image_293.jpg,621,195,887,455,['Face']
face_image_293.jpg,377,287,496,489,['Face']
face_image_294.jpg,689,43,786,202,['Face']
face_image_294.jpg,1069,355,1267,528,['Face']
face_image_294.jpg,237,362,403,486,['Face']
face_image_294.jpg,62,354,206,533,['Face']
face_image_295.jpg,1010,238,1361,744,['Face']
face_image_295.jpg,520,274,680,516,['Face']
face_image_296.jpg,484,187,609,300,['Face']
face_image_296.jpg,707,191,870,340,['Face']
face_image_296.jpg,216,287,365,445,['Face']
face_image_297.jpg,186,21,289,135,['Face']
face_image_298.jpg,239,62,305,136,['Face']
face_image_298.jpg,318,69,363,120,['Face']
face_image_299.jpg,154,62,236,157,['Face']
face_image_299.jpg,344,121,423,204,['Face']
face_image_300.jpg,627,171,918,547,['Face']
face_image_300.jpg,907,200,1140,565,['Face']
face_image_300.jpg,1138,51,1474,502,['Face']
face_image_301.jpg,127,14,207,125,['Face']
face_image_302.jpg,459,231,1360,1139,['Face']
face_image_303.jpg,3,46,126,202,['Face']
face_image_303.jpg,139,46,238,178,['Face']
face_image_303.jpg,270,29,400,182,['Face']
face_image_303.jpg,379,2,536,167,['Face']
face_image_304.jpg,23,18,203,251,['Face']
face_image_304.jpg,267,17,348,130,['Face']
face_image_304.jpg,439,15,593,274,['Face']
face_image_305.jpg,867,62,1046,243,['Face']
face_image_305.jpg,1356,148,1541,298,['Face']
face_image_305.jpg,416,323,560,466,['Face']
face_image_306.jpg,348,19,435,110,['Face']
face_image_306.jpg,154,275,350,435,['Face']
face_image_306.jpg,342,551,442,656,['Face']
face_image_306.jpg,180,832,435,1017,['Face']
face_image_307.jpg,411,353,492,457,['Face']
face_image_308.jpg,366,171,511,307,['Face']
face_image_308.jpg,956,74,1064,195,['Face']
face_image_308.jpg,1577,139,1710,310,['Face']
face_image_309.jpg,91,13,173,111,['Face']
face_image_310.jpg,172,170,376,430,['Face']
face_image_310.jpg,298,64,493,304,['Face']
face_image_310.jpg,510,92,771,517,['Face']
face_image_310.jpg,801,73,1018,363,['Face']
face_image_310.jpg,1014,210,1199,598,['Face']
face_image_311.jpg,141,193,362,462,['Face']
face_image_311.jpg,763,486,964,665,['Face']
face_image_311.jpg,650,78,865,338,['Face']
face_image_311.jpg,1291,124,1515,366,['Face']
face_image_311.jpg,1586,397,1772,574,['Face']
face_image_311.jpg,958,286,1161,492,['Face']
face_image_312.jpg,59,165,116,246,['Face']
face_image_312.jpg,144,152,197,236,['Face']
face_image_312.jpg,219,154,277,210,['Face']
face_image_313.jpg,230,34,421,266,['Face']
face_image_313.jpg,111,351,315,571,['Face']
face_image_314.jpg,300,58,492,260,['Face']
face_image_315.jpg,165,113,209,165,['Face']
face_image_315.jpg,320,144,373,198,['Face']
face_image_315.jpg,264,174,300,229,['Face']
face_image_316.jpg,339,165,423,262,['Face']
face_image_316.jpg,436,100,540,205,['Face']
face_image_316.jpg,582,271,647,353,['Face']
face_image_317.jpg,1107,253,1395,621,['Face']
face_image_318.jpg,1249,163,1474,389,['Face']
face_image_318.jpg,936,138,1158,380,['Face']
face_image_318.jpg,687,244,880,481,['Face']
face_image_318.jpg,346,286,552,492,['Face']
face_image_318.jpg,59,342,227,536,['Face']
face_image_319.jpg,230,118,340,245,['Face']
face_image_319.jpg,489,124,572,230,['Face']
face_image_319.jpg,601,80,701,188,['Face']
face_image_319.jpg,502,211,620,307,['Face']
face_image_320.jpg,36,4,132,155,['Face']
face_image_320.jpg,206,46,280,197,['Face']
face_image_320.jpg,316,32,427,162,['Face']
face_image_320.jpg,445,111,522,250,['Face']
face_image_320.jpg,583,121,679,287,['Face']
face_image_321.jpg,397,154,467,220,['Face']
face_image_322.jpg,249,119,550,421,['Face']
face_image_323.jpg,111,77,512,694,['Face']
face_image_323.jpg,477,189,773,685,['Face']
face_image_323.jpg,786,180,1043,690,['Face']
face_image_323.jpg,1047,21,1540,517,['Face']
face_image_324.jpg,200,197,369,385,['Face']
face_image_324.jpg,925,159,1110,343,['Face']
face_image_324.jpg,640,374,811,538,['Face']
face_image_324.jpg,1201,233,1339,366,['Face']
face_image_324.jpg,424,255,595,431,['Face']
face_image_325.jpg,263,106,348,193,['Face']
face_image_325.jpg,65,106,139,188,['Face']
face_image_325.jpg,379,69,480,166,['Face']
face_image_325.jpg,493,129,574,200,['Face']
face_image_325.jpg,572,123,646,212,['Face']
face_image_325.jpg,860,74,930,171,['Face']
face_image_326.jpg,343,91,739,500,['Face']
face_image_326.jpg,795,49,1104,425,['Face']
face_image_327.jpg,316,266,386,328,['Face']
face_image_327.jpg,477,237,556,324,['Face']
face_image_327.jpg,686,262,738,343,['Face']
face_image_328.jpg,297,68,456,231,['Face']
face_image_329.jpg,208,33,281,129,['Face']
face_image_329.jpg,89,144,166,220,['Face']
face_image_330.jpg,6,115,158,296,['Face']
face_image_330.jpg,172,42,324,233,['Face']
face_image_330.jpg,409,61,541,239,['Face']
face_image_330.jpg,581,71,737,257,['Face']
face_image_331.jpg,319,149,473,299,['Face']
face_image_331.jpg,555,181,681,311,['Face']
face_image_332.jpg,137,26,204,96,['Face']
face_image_332.jpg,47,32,104,95,['Face']
face_image_332.jpg,289,38,346,110,['Face']
face_image_333.jpg,302,76,431,235,['Face']
face_image_334.jpg,223,153,287,208,['Face']
face_image_334.jpg,272,246,336,307,['Face']
face_image_334.jpg,322,353,389,407,['Face']
face_image_334.jpg,348,206,407,257,['Face']
face_image_334.jpg,534,277,590,335,['Face']
face_image_334.jpg,426,300,487,354,['Face']
face_image_334.jpg,362,102,423,161,['Face']
face_image_334.jpg,498,117,562,174,['Face']
face_image_334.jpg,453,188,514,245,['Face']
face_image_334.jpg,571,184,628,239,['Face']
face_image_334.jpg,618,104,669,162,['Face']
face_image_334.jpg,681,163,733,212,['Face']
face_image_334.jpg,662,269,726,323,['Face']
face_image_334.jpg,823,252,889,321,['Face']
face_image_334.jpg,742,100,799,154,['Face']
face_image_334.jpg,792,160,845,217,['Face']
face_image_335.jpg,25,122,137,247,['Face']
face_image_335.jpg,161,70,308,254,['Face']
face_image_335.jpg,354,72,520,280,['Face']
face_image_335.jpg,550,81,708,256,['Face']
face_image_336.jpg,322,44,379,116,['Face']
face_image_337.jpg,177,280,418,570,['Face']
face_image_337.jpg,592,118,805,393,['Face']
face_image_337.jpg,916,229,1090,449,['Face']
face_image_337.jpg,1155,70,1365,282,['Face']
face_image_337.jpg,1282,330,1471,592,['Face']
face_image_337.jpg,1668,415,1842,623,['Face']
face_image_338.jpg,122,4,270,141,['Face']
face_image_338.jpg,137,162,250,239,['Face']
face_image_338.jpg,367,52,515,207,['Face']
face_image_338.jpg,542,9,671,131,['Face']
face_image_339.jpg,156,50,239,140,['Face']
face_image_340.jpg,369,53,440,137,['Face']
face_image_341.jpg,304,28,476,228,['Face']
face_image_342.jpg,184,139,266,247,['Face']
face_image_343.jpg,123,12,224,115,['Face']
face_image_343.jpg,276,20,376,121,['Face']
face_image_344.jpg,114,147,191,232,['Face']
face_image_344.jpg,65,176,124,253,['Face']
face_image_344.jpg,318,152,390,240,['Face']
face_image_344.jpg,399,159,453,239,['Face']
face_image_344.jpg,478,193,546,264,['Face']
face_image_344.jpg,682,143,806,275,['Face']
face_image_344.jpg,901,168,995,283,['Face']
face_image_344.jpg,597,198,663,258,['Face']
face_image_344.jpg,224,200,293,258,['Face']
face_image_344.jpg,11,172,48,233,['Face']
face_image_344.jpg,632,170,659,197,['Face']
face_image_345.jpg,313,73,382,165,['Face']
face_image_346.jpg,212,9,455,359,['Face']
face_image_347.jpg,320,16,520,202,['Face']
face_image_348.jpg,51,96,116,158,['Face']
face_image_348.jpg,139,83,204,150,['Face']
face_image_348.jpg,403,99,445,150,['Face']
face_image_348.jpg,483,104,537,168,['Face']
face_image_349.jpg,142,125,424,444,['Face']
face_image_350.jpg,174,20,311,210,['Face']
face_image_350.jpg,312,125,392,201,['Face']
face_image_350.jpg,208,170,302,309,['Face']
face_image_350.jpg,459,217,536,283,['Face']
face_image_351.jpg,274,85,338,183,['Face']
face_image_351.jpg,349,51,392,100,['Face']
face_image_352.jpg,529,37,937,584,['Face']
face_image_353.jpg,256,35,393,213,['Face']
face_image_354.jpg,230,94,434,294,['Face']
face_image_355.jpg,420,59,635,327,['Face']
face_image_356.jpg,196,75,352,260,['Face']
face_image_356.jpg,404,251,541,392,['Face']
face_image_356.jpg,657,212,798,353,['Face']
face_image_356.jpg,854,62,1036,242,['Face']
face_image_357.jpg,339,351,472,483,['Face']
face_image_357.jpg,362,129,448,259,['Face']
face_image_357.jpg,512,109,612,226,['Face']
face_image_357.jpg,635,280,787,410,['Face']
face_image_357.jpg,919,108,1141,271,['Face']
face_image_357.jpg,846,399,1019,557,['Face']
face_image_358.jpg,80,206,748,1006,['Face']
face_image_358.jpg,615,80,1526,1176,['Face']
face_image_358.jpg,1566,268,2350,1386,['Face']
face_image_358.jpg,2553,355,3247,1313,['Face']
face_image_359.jpg,201,34,287,145,['Face']
face_image_359.jpg,435,65,510,151,['Face']
face_image_359.jpg,695,68,770,151,['Face']
face_image_359.jpg,790,106,898,197,['Face']
face_image_360.jpg,211,75,370,265,['Face']
face_image_360.jpg,397,190,468,283,['Face']
face_image_360.jpg,464,242,502,286,['Face']
face_image_360.jpg,512,218,561,277,['Face']
face_image_360.jpg,585,209,644,274,['Face']
face_image_360.jpg,658,148,767,250,['Face']
face_image_361.jpg,212,37,277,131,['Face']
face_image_362.jpg,202,73,276,166,['Face']
face_image_362.jpg,356,79,430,149,['Face']
face_image_362.jpg,534,166,599,243,['Face']
face_image_362.jpg,679,92,737,168,['Face']
face_image_362.jpg,739,74,819,146,['Face']
face_image_363.jpg,137,49,184,106,['Face']
face_image_364.jpg,309,435,1400,1957,['Face']
face_image_364.jpg,1542,854,2364,2116,['Face']
face_image_364.jpg,2689,1082,3601,2474,['Face']
face_image_364.jpg,3308,443,4732,1798,['Face']
face_image_365.jpg,468,426,766,692,['Face']
face_image_365.jpg,1102,311,1358,567,['Face']
face_image_365.jpg,1764,183,2055,439,['Face']
face_image_365.jpg,2217,470,2536,740,['Face']
face_image_366.jpg,84,34,162,169,['Face']
face_image_366.jpg,144,89,218,174,['Face']
face_image_366.jpg,251,91,323,188,['Face']
face_image_366.jpg,391,58,474,135,['Face']
face_image_366.jpg,325,11,408,126,['Face']
face_image_367.jpg,317,10,399,93,['Face']
face_image_368.jpg,532,185,658,304,['Face']
face_image_369.jpg,241,21,507,284,['Face']
face_image_370.jpg,143,5,397,304,['Face']
face_image_371.jpg,382,188,442,271,['Face']
face_image_372.jpg,157,22,379,370,['Face']
face_image_373.jpg,259,68,337,219,['Face']
face_image_373.jpg,326,108,397,251,['Face']
face_image_374.jpg,202,48,320,203,['Face']
face_image_375.jpg,607,40,667,100,['Face']
face_image_375.jpg,606,201,679,277,['Face']
face_image_375.jpg,515,162,568,234,['Face']
face_image_375.jpg,340,157,407,239,['Face']
face_image_375.jpg,193,160,263,253,['Face']
face_image_375.jpg,266,153,303,237,['Face']
face_image_375.jpg,88,14,139,130,['Face']
face_image_376.jpg,520,793,910,1146,['Face']
face_image_376.jpg,944,463,1301,861,['Face']
face_image_376.jpg,1388,395,1665,709,['Face']
face_image_376.jpg,1699,402,1991,793,['Face']
face_image_376.jpg,2048,744,2351,1130,['Face']
face_image_376.jpg,2404,1108,2734,1419,['Face']
face_image_376.jpg,2908,1191,3254,1479,['Face']
face_image_377.jpg,847,162,1038,387,['Face']
face_image_378.jpg,192,85,502,432,['Face']
face_image_378.jpg,803,72,1105,391,['Face']
face_image_378.jpg,1352,83,1595,327,['Face']
face_image_379.jpg,248,13,394,171,['Face']
face_image_380.jpg,605,284,968,617,['Face']
face_image_381.jpg,216,229,331,350,['Face']
face_image_381.jpg,359,231,486,347,['Face']
face_image_381.jpg,531,191,629,296,['Face']
face_image_381.jpg,611,162,685,276,['Face']
face_image_381.jpg,735,138,827,242,['Face']
face_image_381.jpg,650,63,735,175,['Face']
face_image_382.jpg,251,32,297,82,['Face']
face_image_383.jpg,264,91,526,371,['Face']
face_image_383.jpg,94,126,314,418,['Face']
face_image_384.jpg,147,16,533,448,['Face']
face_image_385.jpg,337,86,412,168,['Face']
face_image_386.jpg,270,79,395,225,['Face']
face_image_387.jpg,335,1,393,67,['Face']
face_image_387.jpg,49,105,104,145,['Face']
face_image_387.jpg,572,99,623,150,['Face']
face_image_387.jpg,518,288,573,340,['Face']
face_image_387.jpg,193,94,233,141,['Face']
face_image_388.jpg,330,61,413,161,['Face']
face_image_389.jpg,107,25,244,181,['Face']
face_image_389.jpg,365,118,487,252,['Face']
face_image_389.jpg,576,143,673,247,['Face']
face_image_389.jpg,775,142,895,262,['Face']
face_image_389.jpg,623,301,700,471,['Face']
face_image_390.jpg,450,395,546,513,['Face']
face_image_390.jpg,276,457,337,550,['Face']
face_image_390.jpg,100,416,179,533,['Face']
face_image_390.jpg,112,213,203,318,['Face']
face_image_390.jpg,277,215,374,331,['Face']
face_image_390.jpg,416,215,520,302,['Face']
face_image_390.jpg,633,143,717,247,['Face']
face_image_390.jpg,819,233,909,340,['Face']
face_image_390.jpg,798,155,878,254,['Face']
face_image_390.jpg,976,184,992,291,['Face']
face_image_391.jpg,81,38,148,84,['Face']
face_image_391.jpg,288,10,336,69,['Face']
face_image_391.jpg,346,6,381,72,['Face']
face_image_391.jpg,397,2,445,83,['Face']
face_image_392.jpg,144,31,516,359,['Face']
face_image_393.jpg,190,62,379,242,['Face']
face_image_394.jpg,89,61,148,130,['Face']
face_image_394.jpg,130,152,187,214,['Face']
face_image_394.jpg,226,124,279,186,['Face']
face_image_394.jpg,162,9,238,74,['Face']
face_image_394.jpg,251,64,315,118,['Face']
face_image_394.jpg,330,20,391,78,['Face']
face_image_395.jpg,37,19,166,162,['Face']
face_image_395.jpg,191,102,286,222,['Face']
face_image_395.jpg,259,73,351,177,['Face']
face_image_395.jpg,372,107,439,208,['Face']
face_image_395.jpg,522,8,647,151,['Face']
face_image_395.jpg,698,134,826,263,['Face']
face_image_395.jpg,616,97,686,194,['Face']
face_image_395.jpg,873,46,944,155,['Face']
face_image_395.jpg,805,96,892,201,['Face']
face_image_395.jpg,197,257,316,412,['Face']
face_image_395.jpg,418,280,528,418,['Face']
face_image_395.jpg,574,330,702,471,['Face']
face_image_396.jpg,370,88,442,170,['Face']
face_image_396.jpg,502,96,559,156,['Face']
face_image_396.jpg,569,83,640,154,['Face']
face_image_396.jpg,277,37,340,112,['Face']
face_image_397.jpg,325,49,390,109,['Face']
face_image_397.jpg,601,50,674,118,['Face']
face_image_398.jpg,196,163,293,262,['Face']
face_image_398.jpg,434,210,499,283,['Face']
face_image_398.jpg,526,217,613,318,['Face']
face_image_398.jpg,323,495,348,517,['Face']
face_image_398.jpg,269,510,295,532,['Face']
face_image_399.jpg,350,46,445,150,['Face']
face_image_400.jpg,430,63,623,261,['Face']
face_image_401.jpg,488,323,814,650,['Face']
face_image_401.jpg,159,528,425,810,['Face']
face_image_401.jpg,722,837,992,1160,['Face']
face_image_402.jpg,364,99,412,152,['Face']
face_image_403.jpg,323,129,432,249,['Face']
face_image_403.jpg,523,51,617,188,['Face']
face_image_403.jpg,614,220,703,283,['Face']
face_image_403.jpg,754,207,853,321,['Face']
face_image_403.jpg,898,124,974,222,['Face']
face_image_403.jpg,1068,48,1171,155,['Face']
face_image_403.jpg,1235,117,1339,240,['Face']
face_image_404.jpg,838,273,1140,609,['Face']
face_image_405.jpg,220,14,767,611,['Face']
face_image_406.jpg,778,66,1160,488,['Face']
face_image_407.jpg,425,4,639,254,['Face']
face_image_408.jpg,189,182,293,318,['Face']
face_image_408.jpg,543,180,695,326,['Face']
face_image_409.jpg,210,140,263,207,['Face']
face_image_409.jpg,299,191,357,277,['Face']
face_image_409.jpg,440,189,468,234,['Face']
face_image_409.jpg,109,230,148,278,['Face']
face_image_409.jpg,47,266,74,289,['Face']
face_image_409.jpg,164,122,187,150,['Face']
face_image_409.jpg,318,115,346,159,['Face']
face_image_409.jpg,389,156,407,177,['Face']
face_image_409.jpg,507,204,526,226,['Face']
face_image_409.jpg,527,254,558,309,['Face']
